taxa_name,Common Name,Scientific Name,PHYLUM,CLASS,ORDER,FAMILY,GENUS,Temp,Trophic class,Tolerance,Stream flow,Origin
Acipenser brevirostrum,Shortnose Sturgeon,Acipenser brevirostrum,CHORDATA,ACTINOPTERYGII,ACIPENSERIFORMES,ACIPENSERIDAE,ACIPENSER,,,,,
Acipenser oxyrhynchus,Atlantic sturgeon,Acipenser oxyrhynchus,CHORDATA,ACTINOPTERYGII,ACIPENSERIFORMES,ACIPENSERIDAE,ACIPENSER,,,,,
Alosa aestivalis,Blueback Herring,Alosa aestivalis,CHORDATA,ACTINOPTERYGII,CLUPEIFORMES,CLUPEIDAE,ALOSA,,,,,
Alosa mediocris,Hickory Shad,Alosa mediocris,CHORDATA,ACTINOPTERYGII,CLUPEIFORMES,CLUPEIDAE,ALOSA,,,,,
Alosa pseudoharengus,Alewife,Alosa pseudoharengus,CHORDATA,ACTINOPTERYGII,CLUPEIFORMES,CLUPEIDAE,ALOSA,,,,,
Alosa sapidissima,American Shad,Alosa sapidissima,CHORDATA,ACTINOPTERYGII,CLUPEIFORMES,CLUPEIDAE,ALOSA,,,,,
Aluterus schoepfi,ORANGE FILEFISH,Aluterus schoepfi,CHORDATA,ACTINOPTERYGII,TETRAODONTIFORMES,MONACANTHIDAE,ALUTERUS,,,,,
Ambloplites rupestris,Rock Bass,Ambloplites rupestris,CHORDATA,ACTINOPTERYGII,PERCIFORMES,CENTRARCHIDAE,AMBLOPLITES,C-W,TC,M,MG,A
Ameiurus catus,White catfish,Ameiurus catus,CHORDATA,ACTINOPTERYGII,SILURIFORMES,ICTALURIDAE,AMEIURUS,W,TC,M,MG,A
Ameiurus melas,Black Bullhead,Ameiurus melas,CHORDATA,ACTINOPTERYGII,SILURIFORMES,ICTALURIDAE,AMEIURUS,,,,,
Ameiurus natalis,Yellow bullhead,Ameiurus natalis,CHORDATA,ACTINOPTERYGII,SILURIFORMES,ICTALURIDAE,AMEIURUS,W-B,GF,T,MG,A
Ameiurus nebulosus,Brown bullhead,Ameiurus nebulosus,CHORDATA,ACTINOPTERYGII,SILURIFORMES,ICTALURIDAE,AMEIURUS,W,GF,T,MG,N
Amia calva,Bowfin,Amia calva,CHORDATA,ACTINOPTERYGII,AMIIFORMES,AMIIDAE,AMIA,,,,,
Ammodytes americanus,American sand lance,Ammodytes americanus,CHORDATA,ACTINOPTERYGII,PERCIFORMES,AMMODYTIDAE,AMMODYTES,,,,,
Anchoa mitchilli,Bay Anchovy,Anchoa mitchilli,CHORDATA,ACTINOPTERYGII,CLUPEIFORMES,ENGRAULIDAE,ANCHOA,,,,,
Anguilla rostrata,American eel,Anguilla rostrata,CHORDATA,ACTINOPTERYGII,ANGUILLIFORMES,ANGUILLIDAE,ANGUILLA,W,TC,T,FD,N
Apeltes quadracus,Fourspine stickleback,Apeltes quadracus,CHORDATA,ACTINOPTERYGII,GASTEROSTEIFORMES,GASTEROSTEIDAE,APELTES,C-W,WC,M,FD,N
Astroscopus guttatus,NORTHERN STARGAZER,Astroscopus guttatus,CHORDATA,ACTINOPTERYGII,PERCIFORMES,URANOSCOPIDAE,ASTROSCOPUS,,,,,
Balistes capriscus,GRAY TRIGGERFISH,Balistes capriscus,CHORDATA,ACTINOPTERYGII,TETRAODONTIFORMES,BALISTIDAE,BALISTES,,,,,
Brevoortia tyrannus,MENHADEN,Brevoortia tyrannus,CHORDATA,ACTINOPTERYGII,CLUPEIFORMES,CLUPEIDAE,BREVOORTIA,,,,,
Campostoma anomalum,Stoneroller,Campostoma anomalum,CHORDATA,ACTINOPTERYGII,CYPRINIFORMES,CYPRINIDAE,CAMPOSTOMA,,,,,
Caranx bartholomaei,YELLOW JACK,Caranx bartholomaei,CHORDATA,ACTINOPTERYGII,PERCIFORMES,CARANGIDAE,CARANX,,,,,
Carassius auratus,Goldfish,Carassius auratus,CHORDATA,ACTINOPTERYGII,CYPRINIFORMES,CYPRINIDAE,CARASSIUS,W,GF,T,MG,A
Carcharhinus plumbeus,SANDBAR SHARK (BROWN),Carcharhinus plumbeus,CHORDATA,CHONDRICHTHYES,CARCHARHINIFORMES,CARCHARHINIDAE,CARCHARHINUS,,,,,
Catostomus catostomus,Longnose sucker,Catostomus catostomus,CHORDATA,ACTINOPTERYGII,CYPRINIFORMES,CATOSTOMIDAE,CATOSTOMUS,,,,,
Catostomus commersoni,White sucker,Catostomus commersonii,CHORDATA,ACTINOPTERYGII,CYPRINIFORMES,CATOSTOMIDAE,CATOSTOMUS,C-W,GF,T,FD,N
Catostomus commersonii,White sucker,Catostomus commersonii,CHORDATA,ACTINOPTERYGII,CYPRINIFORMES,CATOSTOMIDAE,CATOSTOMUS,C-W,GF,T,FD,N
Centrarchidae,Bluegill X Green,Centrarchidae,CHORDATA,ACTINOPTERYGII,PERCIFORMES,CENTRARCHIDAE,NA,,,,,
Centrarchidae,Bluegill X Pumpkinseed,Centrarchidae,CHORDATA,ACTINOPTERYGII,PERCIFORMES,CENTRARCHIDAE,NA,,,,,
Centrarchidae,Bluegill X Red breast,Centrarchidae,CHORDATA,ACTINOPTERYGII,PERCIFORMES,CENTRARCHIDAE,NA,,,,,
Centrarchidae,Green X Redbreast,Centrarchidae,CHORDATA,ACTINOPTERYGII,PERCIFORMES,CENTRARCHIDAE,NA,,,,,
Centrarchidae,Hybrid sunfish,Centrarchidae,CHORDATA,ACTINOPTERYGII,PERCIFORMES,CENTRARCHIDAE,NA,,,,,
Centrarchidae,Pumpkinseed X Green,Centrarchidae,CHORDATA,ACTINOPTERYGII,PERCIFORMES,CENTRARCHIDAE,NA,,,,,
Centrarchidae,Pumpkinseed X Red breast,Centrarchidae,CHORDATA,ACTINOPTERYGII,PERCIFORMES,CENTRARCHIDAE,NA,,,,,
Centrarchidae,Unknown sunfish,Centrarchidae,CHORDATA,ACTINOPTERYGII,PERCIFORMES,CENTRARCHIDAE,NA,,,,,
Clupea harengus,Atlantic herring,Clupea harengus,CHORDATA,ACTINOPTERYGII,CLUPEIFORMES,CLUPEIDAE,CLUPEA,,,,,
Clupeidae,Herring,Clupeidae,CHORDATA,ACTINOPTERYGII,CLUPEIFORMES,CLUPEIDAE,NA,,,,,
Cottus cognatus,Slimy sculpin,Cottus cognatus,CHORDATA,ACTINOPTERYGII,SCORPAENIFORMES,COTTIDAE,COTTUS,C,BI,I,FS,N
Ctenopharyngodon idella,Grass Carp,Ctenopharyngodon idella,CHORDATA,ACTINOPTERYGII,CYPRINIFORMES,CYPRINIDAE,CTENOPHARYNGODON,,,,,
Culaea inconstans,Brook Stickleback,Culaea inconstans,CHORDATA,ACTINOPTERYGII,GASTEROSTEIFORMES,GASTEROSTEIDAE,CULAEA,,,,,
Cyclopterus lumpus,LUMPFISH,Cyclopterus lumpus,CHORDATA,ACTINOPTERYGII,SCORPAENIFORMES,CYCLOPTERIDAE,CYCLOPTERUS,,,,,
Cynoscion regalis,Weakfish,Cynoscion regalis,CHORDATA,ACTINOPTERYGII,PERCIFORMES,SCIAENIDAE,CYNOSCION,,,,,
Cyprinidae,Unknown minnow,Cyprinidae,CHORDATA,ACTINOPTERYGII,CYPRINIFORMES,CYPRINIDAE,NA,,,,,
Cyprinodon variegatus,Sheepshead Minnow,Cyprinodon variegatus,CHORDATA,ACTINOPTERYGII,CYPRINODONTIFORMES,CYPRINODONTIDAE,CYPRINODON,,,,,
Cyprinus carpio,Carp,Cyprinus carpio,CHORDATA,ACTINOPTERYGII,CYPRINIFORMES,CYPRINIDAE,CYPRINUS,W,GF,T,MG,A
Cyprinus carpio,Koi,Cyprinus carpio,CHORDATA,ACTINOPTERYGII,CYPRINIFORMES,CYPRINIDAE,CYPRINUS,W,GF,T,MG,A
Decapterus macarellus,MACKEREL SCAD,Decapterus macarellus,CHORDATA,ACTINOPTERYGII,PERCIFORMES,CARANGIDAE,DECAPTERUS,,,,,
Dormitator maculatus,Fat sleeper goby,Dormitator maculatus,CHORDATA,ACTINOPTERYGII,PERCIFORMES,ELEOTRIDAE,DORMITATOR,,,,,
Dorosoma cepedianum,Gizzard shad,Dorosoma cepedianum,CHORDATA,ACTINOPTERYGII,CLUPEIFORMES,CLUPEIDAE,DOROSOMA,,,,,
Enchelyopus cimbrius,FOURBEARD ROCKLING,Enchelyopus cimbrius,CHORDATA,ACTINOPTERYGII,GADIFORMES,GADIDAE,ENCHELYOPUS,,,,,
Enneacanthus obesus,Banded Sunfish,Enneacanthus obesus,CHORDATA,ACTINOPTERYGII,PERCIFORMES,CENTRARCHIDAE,ENNEACANTHUS,,,,,
Erimyzon oblongus,Creek chubsucker,Erimyzon oblongus,CHORDATA,ACTINOPTERYGII,CYPRINIFORMES,CATOSTOMIDAE,ERIMYZON,W,GF,I,FS,N
Esocidae,Chain Pickerel X Northern Pike,Esocidae,CHORDATA,ACTINOPTERYGII,ESOCIFORMES,ESOCIDAE,NA,,,,,
Esocidae,Chain pickerel X Redfin pickerel,Esocidae,CHORDATA,ACTINOPTERYGII,ESOCIFORMES,ESOCIDAE,NA,,,,,
Esociformes,Tiger Muskie (Tiger Muskellunge),Esociformes,CHORDATA,ACTINOPTERYGII,ESOCIFORMES,NA,NA,,,,,
Esox americanus,Redfin pickerel,Esox americanus,CHORDATA,ACTINOPTERYGII,ESOCIFORMES,ESOCIDAE,ESOX,W-B,TC,M,MG,N
Esox lucius,Northern Pike,Esox lucius,CHORDATA,ACTINOPTERYGII,ESOCIFORMES,ESOCIDAE,ESOX,,,,,
Esox niger,Chain pickerel,Esox niger,CHORDATA,ACTINOPTERYGII,ESOCIFORMES,ESOCIDAE,ESOX,W,TC,M,MG,N
Etheostoma fusiforme,Swamp darter,Etheostoma fusiforme,CHORDATA,ACTINOPTERYGII,PERCIFORMES,PERCIDAE,ETHEOSTOMA,W-B,BI,I,MG,N
Etheostoma olmstedi,Tessellated darter,Etheostoma olmstedi,CHORDATA,ACTINOPTERYGII,PERCIFORMES,PERCIDAE,ETHEOSTOMA,C-W,BI,M,FS,N
Etropus microstomus,SMALLMOUTH FLOUNDER,Etropus microstomus,CHORDATA,ACTINOPTERYGII,PLEURONECTIFORMES,PARALICHTHYIDAE,ETROPUS,,,,,
Etrumeus teres,ROUND HERRING,Etrumeus teres,CHORDATA,ACTINOPTERYGII,CLUPEIFORMES,CLUPEIDAE,ETRUMEUS,,,,,
Exoglossum maxillingua,Cutlips minnow,Exoglossum maxillingua,CHORDATA,ACTINOPTERYGII,CYPRINIFORMES,CYPRINIDAE,EXOGLOSSUM,W,BI,I,FS,N
Fistularia petimba,RED CORNETFISH,Fistularia petimba,CHORDATA,ACTINOPTERYGII,GASTEROSTEIFORMES,FISTULARIIDAE,FISTULARIA,,,,,
Fistularia tabacaria,BLUESPOTTED CORNET,Fistularia tabacaria,CHORDATA,ACTINOPTERYGII,GASTEROSTEIFORMES,FISTULARIIDAE,FISTULARIA,,,,,
Fundulus diaphanus,Banded killifish,Fundulus diaphanus,CHORDATA,ACTINOPTERYGII,CYPRINODONTIFORMES,FUNDULIDAE,FUNDULUS,W,TC,T,MG,N
Fundulus heteroclitus,Mummichog,Fundulus heteroclitus,CHORDATA,ACTINOPTERYGII,CYPRINODONTIFORMES,FUNDULIDAE,FUNDULUS,C-W,GF,T,MG,N
Fundulus majalis,Striped Killifish,Fundulus majalis,CHORDATA,ACTINOPTERYGII,CYPRINODONTIFORMES,FUNDULIDAE,FUNDULUS,,,,,
Gadus morhua,ATLANTIC COD,Gadus morhua,CHORDATA,ACTINOPTERYGII,GADIFORMES,GADIDAE,GADUS,,,,,
Gambusia affinis,Western Mosquito Fish,Gambusia affinis,CHORDATA,ACTINOPTERYGII,CYPRINODONTIFORMES,POECILIIDAE,GAMBUSIA,,,,,
Gambusia holbrooki,Eastern Mosquito Fish,Gambusia holbrooki,CHORDATA,ACTINOPTERYGII,CYPRINODONTIFORMES,POECILIIDAE,GAMBUSIA,,,,,
Gasterosteus aculeatus,Threespine Stickleback,Gasterosteus aculeatus,CHORDATA,ACTINOPTERYGII,GASTEROSTEIFORMES,GASTEROSTEIDAE,GASTEROSTEUS,,,,,
Gasterosteus wheatland,Blackspotted stickleback,Gasterosteus wheatland,CHORDATA,ACTINOPTERYGII,GASTEROSTEIFORMES,GASTEROSTEIDAE,GASTEROSTEUS,,,,,
Gobiosoma bosci,Naked goby,Gobiosoma bosci,CHORDATA,ACTINOPTERYGII,PERCIFORMES,GOBIIDAE,GOBIOSOMA,,,,,
Hemitripterus americanus,SEA RAVEN,Hemitripterus americanus,CHORDATA,ACTINOPTERYGII,SCORPAENIFORMES,HEMITRIPTERIDAE,HEMITRIPTERUS,,,,,
Hippocampus sp.,SEAHORSE,Hippocampus sp.,CHORDATA,ACTINOPTERYGII,GASTEROSTEIFORMES,SYNGNATHIDAE,HIPPOCAMPUS,,,,,
Homarus americanus,AMERICAN LOBSTER,Homarus americanus,ARTHROPODA,MALACOSTRACA,DECAPODA,NEPHROPIDAE,HOMARUS,,,,,
Ictalurus punctatus,Channel Catfish,Ictalurus punctatus,CHORDATA,ACTINOPTERYGII,SILURIFORMES,ICTALURIDAE,ICTALURUS,,,,,
Illex illecebrosus,SHORTFIN SQUID,Illex illecebrosus,MOLLUSCA,CEPHALOPODA,TEUTHIDA,OMMASTREPHIDAE,ILLEX,,,,,
Labidesthes sicculus,Brook Silverside,Labidesthes sicculus,CHORDATA,ACTINOPTERYGII,ATHERINIFORMES,ATHERINOPSIDAE,LABIDESTHES,,,,,
Lampetra appendix,American Brook lamprey,Lampetra appendix,CHORDATA,CEPHALASPIDOMORPHI,PETROMYZONTIFORMES,PETROMYZONTIDAE,LAMPETRA,C,NF,I,FS,A
Leiostomus xanthurus,Spot,Leiostomus xanthurus,CHORDATA,ACTINOPTERYGII,PERCIFORMES,SCIAENIDAE,LEIOSTOMUS,,,,,
Lepomis auritus,Redbreast sunfish,Lepomis auritus,CHORDATA,ACTINOPTERYGII,PERCIFORMES,CENTRARCHIDAE,LEPOMIS,W,GF,M,MG,N
Lepomis cyanellus,Green sunfish,Lepomis cyanellus,CHORDATA,ACTINOPTERYGII,PERCIFORMES,CENTRARCHIDAE,LEPOMIS,W,GF,T,FD,A
Lepomis gibbosus,Pumpkinseed,Lepomis gibbosus,CHORDATA,ACTINOPTERYGII,PERCIFORMES,CENTRARCHIDAE,LEPOMIS,W,GF,M,MG,N
Lepomis gulosus,Warmouth,Lepomis gulosus,CHORDATA,ACTINOPTERYGII,PERCIFORMES,CENTRARCHIDAE,LEPOMIS,,,,,
Lepomis macrochirus,Bluegill sunfish,Lepomis macrochirus,CHORDATA,ACTINOPTERYGII,PERCIFORMES,CENTRARCHIDAE,LEPOMIS,W,GF,T,MG,A
Leuciscus idus,Golden Orfe,Leuciscus idus,CHORDATA,ACTINOPTERYGII,CYPRINIFORMES,CYPRINIDAE,LEUCISCUS,,,,,
Limanda ferruginea,YELLOWTAIL FLOUNDER,Limanda ferruginea,CHORDATA,ACTINOPTERYGII,PLEURONECTIFORMES,PLEURONECTIDAE,LIMANDA,,,,,
Liparis atlanticus,SEASNAIL,Liparis atlanticus,CHORDATA,ACTINOPTERYGII,SCORPAENIFORMES,LIPARIDAE,LIPARIS,,,,,
Loligo pealei,LONG-FINNED SQUID,Loligo pealei,MOLLUSCA,CEPHALOPODA,TEUTHIDA,LOLIGINIDAE,LOLIGO,,,,,
Lophius americanus,GOOSEFISH,Lophius americanus,CHORDATA,ACTINOPTERYGII,LOPHIIFORMES,LOPHIIDAE,LOPHIUS,,,,,
Lota lota,Burbot,Lota lota,CHORDATA,ACTINOPTERYGII,GADIFORMES,GADIDAE,LOTA,C,TC,M,FS,N
Lucania parva,Rainwater killifish,Lucania parva,CHORDATA,ACTINOPTERYGII,CYPRINODONTIFORMES,FUNDULIDAE,LUCANIA,,,,,
Lutjanus griseus,GREY SNAPPER,Lutjanus griseus,CHORDATA,ACTINOPTERYGII,PERCIFORMES,LUTJANIDAE,LUTJANUS,,,,,
Luxilus cornutus,Common shiner,Luxilus cornutus,CHORDATA,ACTINOPTERYGII,CYPRINIFORMES,CYPRINIDAE,LUXILUS,C-W,GF,M,FD,N
Menidia beryllina,Inland Silverside,Menidia beryllina,CHORDATA,ACTINOPTERYGII,ATHERINIFORMES,ATHERINOPSIDAE,MENIDIA,,,,,
Menidia menidia,Atlantic Silverside,Menidia menidia,CHORDATA,ACTINOPTERYGII,ATHERINIFORMES,ATHERINOPSIDAE,MENIDIA,,,,,
Menidia peninsulae,Tidewater Silverside,Menidia peninsulae,CHORDATA,ACTINOPTERYGII,ATHERINIFORMES,ATHERINOPSIDAE,MENIDIA,,,,,
Merluccius bilinearis,SILVER HAKE (WHITING),Merluccius bilinearis,CHORDATA,ACTINOPTERYGII,GADIFORMES,MERLUCCIIDAE,MERLUCCIUS,,,,,
Microgadus tomcod,Tomcod,Microgadus tomcod,CHORDATA,ACTINOPTERYGII,GADIFORMES,GADIDAE,MICROGADUS,,,,,
Micropterus dolomieu,Smallmouth bass,Micropterus dolomieu,CHORDATA,ACTINOPTERYGII,PERCIFORMES,CENTRARCHIDAE,MICROPTERUS,C-W,TC,M,MG,A
Micropterus salmoides,Largemouth Bass,Micropterus salmoides,CHORDATA,ACTINOPTERYGII,PERCIFORMES,CENTRARCHIDAE,MICROPTERUS,W,TC,M,MG,A
Monacanthus hispidus,PLANEHEAD FILEFISH,Monacanthus hispidus,CHORDATA,ACTINOPTERYGII,TETRAODONTIFORMES,MONACANTHIDAE,MONACANTHUS,,,,,
Morone americana,White perch,Morone americana,CHORDATA,ACTINOPTERYGII,PERCIFORMES,MORONIDAE,MORONE,C-W,TC,M,MG,N
Morone saxatilis,Striped bass,Morone saxatilis,CHORDATA,ACTINOPTERYGII,PERCIFORMES,MORONIDAE,MORONE,W,TC,T,FD,N
Mugil cephalus,Striped mullet,Mugil cephalus,CHORDATA,ACTINOPTERYGII,MUGILIFORMES,MUGILIDAE,MUGIL,,,,,
Mugil curema,White mullet,Mugil curema,CHORDATA,ACTINOPTERYGII,MUGILIFORMES,MUGILIDAE,MUGIL,,,,,
Mullus auratus,RED GOATFISH,Mullus auratus,CHORDATA,ACTINOPTERYGII,PERCIFORMES,MULLIDAE,MULLUS,,,,,
Mustelus canis,SMOOTH DOGFISH,Mustelus canis,CHORDATA,CHONDRICHTHYES,CARCHARHINIFORMES,TRIAKIDAE,MUSTELUS,,,,,
Myoxocephalus aeneus,GRUBBY,Myoxocephalus aeneus,CHORDATA,ACTINOPTERYGII,SCORPAENIFORMES,COTTIDAE,MYOXOCEPHALUS,,,,,
Myoxocephalus octodecemspinosus,Longhorn sculpin,Myoxocephalus octodecemspinosus,CHORDATA,ACTINOPTERYGII,SCORPAENIFORMES,COTTIDAE,MYOXOCEPHALUS,,,,,
Notemigonus crysoleucas,Golden shiner,Notemigonus crysoleucas,CHORDATA,ACTINOPTERYGII,CYPRINIFORMES,CYPRINIDAE,NOTEMIGONUS,W,GF,T,MG,N
Notropis bifrenatus,Bridled shiner,Notropis bifrenatus,CHORDATA,ACTINOPTERYGII,CYPRINIFORMES,CYPRINIDAE,NOTROPIS,,,,,
Notropis hudsonius,Spottail shiner,Notropis hudsonius,CHORDATA,ACTINOPTERYGII,CYPRINIFORMES,CYPRINIDAE,NOTROPIS,W,WC,M,MG,N
Notropis volucellus,Mimic Shiner,Notropis volucellus,CHORDATA,ACTINOPTERYGII,CYPRINIFORMES,CYPRINIDAE,NOTROPIS,,,,,
Oncorhynchus aguabonita,Golden Trout,Oncorhynchus aguabonita,CHORDATA,ACTINOPTERYGII,SALMONIFORMES,SALMONIDAE,ONCORHYNCHUS,,,,,
Oncorhynchus mykiss,Rainbow trout,Oncorhynchus mykiss,CHORDATA,ACTINOPTERYGII,SALMONIFORMES,SALMONIDAE,ONCORHYNCHUS,,,,,
Oncorhynchus nerka,Kokanee Salmon,Oncorhynchus nerka,CHORDATA,ACTINOPTERYGII,SALMONIFORMES,SALMONIDAE,ONCORHYNCHUS,,,,,
Ophidion marginatum,STRIPED CUSK-EEL,Ophidion marginatum,CHORDATA,ACTINOPTERYGII,OPHIDIIFORMES,OPHIDIIDAE,OPHIDION,,,,,
Opsanus tau,OYSTER TOADFISH,Opsanus tau,CHORDATA,ACTINOPTERYGII,BATRACHOIDIFORMES,BATRACHOIDIDAE,OPSANUS,,,,,
Osmerus mordax,RAINBOW SMELT,Osmerus mordax,CHORDATA,ACTINOPTERYGII,OSMERIFORMES,OSMERIDAE,OSMERUS,,,,,
Osteichthyes,NO FISH CAUGHT (Not Dry),Osteichthyes,CHORDATA,NA,NA,NA,NA,,,,,
Paralichthys dentatus,SUMMER FLOUNDER,Paralichthys dentatus,CHORDATA,ACTINOPTERYGII,PLEURONECTIFORMES,PARALICHTHYIDAE,PARALICHTHYS,,,,,
Paralichthys oblongus,Fourspot flounder,Paralichthys oblongus,CHORDATA,ACTINOPTERYGII,PLEURONECTIFORMES,PARALICHTHYIDAE,PARALICHTHYS,,,,,
Perca flavescens,Yellow perch,Perca flavescens,CHORDATA,ACTINOPTERYGII,PERCIFORMES,PERCIDAE,PERCA,C-W,TC,M,MG,N
Petromyzon marinus,Sea lamprey,Petromyzon marinus,CHORDATA,CEPHALASPIDOMORPHI,PETROMYZONTIFORMES,PETROMYZONTIDAE,PETROMYZON,C-W,PF,M,FD,N
Pholis gunnellus,ROCK GUNNEL,Pholis gunnellus,CHORDATA,ACTINOPTERYGII,PERCIFORMES,PHOLIDAE,PHOLIS,,,,,
Pimephales notatus,Bluntnose minnow,Pimephales notatus,CHORDATA,ACTINOPTERYGII,CYPRINIFORMES,CYPRINIDAE,PIMEPHALES,W,GF,T, ,A
Pimephales promelas,Fathead minnow,Pimephales promelas,CHORDATA,ACTINOPTERYGII,CYPRINIFORMES,CYPRINIDAE,PIMEPHALES,W,GF,T,MG,A
Pollachius virens,POLLOCK,Pollachius virens,CHORDATA,ACTINOPTERYGII,GADIFORMES,GADIDAE,POLLACHIUS,,,,,
Pomatomus saltatrix,Bluefish,Pomatomus saltatrix,CHORDATA,ACTINOPTERYGII,PERCIFORMES,POMATOMIDAE,POMATOMUS,,,,,
Pomoxis annularis,White Crappie,Pomoxis annularis,CHORDATA,ACTINOPTERYGII,PERCIFORMES,CENTRARCHIDAE,POMOXIS,,,,,
Pomoxis nigromaculatus,Black Crappie,Pomoxis nigromaculatus,CHORDATA,ACTINOPTERYGII,PERCIFORMES,CENTRARCHIDAE,POMOXIS,W,TC,M,MG,A
Priacanthus arenatus,BIGEYE,Priacanthus arenatus,CHORDATA,ACTINOPTERYGII,PERCIFORMES,PRIACANTHIDAE,PRIACANTHUS,,,,,
Prionotus carolinus,Northern searobin,Prionotus carolinus,CHORDATA,ACTINOPTERYGII,SCORPAENIFORMES,TRIGLIDAE,PRIONOTUS,,,,,
Prionotus evolans,STRIPED SEAROBIN,Prionotus evolans,CHORDATA,ACTINOPTERYGII,SCORPAENIFORMES,TRIGLIDAE,PRIONOTUS,,,,,
Prionotus spp.,SEA ROBIN,Prionotus spp.,CHORDATA,ACTINOPTERYGII,SCORPAENIFORMES,TRIGLIDAE,PRIONOTUS,,,,,
Pristigenys alta,SHORT BIGEYE,Pristigenys alta,CHORDATA,ACTINOPTERYGII,PERCIFORMES,PRIACANTHIDAE,PRISTIGENYS,,,,,
Pseudopleuronectes americanus,Winter flounder,Pseudopleuronectes americanus,CHORDATA,ACTINOPTERYGII,PLEURONECTIFORMES,PLEURONECTIDAE,PSEUDOPLEURONECTES,,,,,
Pungitius pungitius,Ninespine stickleback,Pungitius pungitius,CHORDATA,ACTINOPTERYGII,GASTEROSTEIFORMES,GASTEROSTEIDAE,PUNGITIUS,,,,,
Raja eglanteria,CLEARNOSE SKATE,Raja eglanteria,CHORDATA,CHONDRICHTHYES,RAJIFORMES,RAJIDAE,RAJA,,,,,
Raja erinacea,LITTLE SKATE,Raja erinacea,CHORDATA,CHONDRICHTHYES,RAJIFORMES,RAJIDAE,RAJA,,,,,
Raja ocellata,WINTER SKATE (BIG SKATE),Raja ocellata,CHORDATA,CHONDRICHTHYES,RAJIFORMES,RAJIDAE,RAJA,,,,,
Rhinichthys atratulus,Blacknose dace,Rhinichthys atratulus,CHORDATA,ACTINOPTERYGII,CYPRINIFORMES,CYPRINIDAE,RHINICHTHYS,C-W,GF,T,FS,N
Rhinichthys cataractae,Longnose dace,Rhinichthys cataractae,CHORDATA,ACTINOPTERYGII,CYPRINIFORMES,CYPRINIDAE,RHINICHTHYS,C-W,BI,M,FS,N
Salmo salar,Atlantic salmon,Salmo salar,CHORDATA,ACTINOPTERYGII,SALMONIFORMES,SALMONIDAE,SALMO,,,,,
Salmo trutta,Brown trout,Salmo trutta,CHORDATA,ACTINOPTERYGII,SALMONIFORMES,SALMONIDAE,SALMO,,,,,
Salmonidae,Atlantic Salmon  X Brown Trout,Salmonidae,CHORDATA,ACTINOPTERYGII,SALMONIFORMES,SALMONIDAE,NA,,,,,
Salmonidae,Trout,Salmonidae,CHORDATA,ACTINOPTERYGII,SALMONIFORMES,SALMONIDAE,NA,,,,,
Salvelinus fontinalis,"Brook trout, stocked",Salvelinus fontinalis,CHORDATA,ACTINOPTERYGII,SALMONIFORMES,SALMONIDAE,SALVELINUS,C,TC,I,FS,N
Salvelinus fontinalis,"Brook trout, wild",Salvelinus fontinalis,CHORDATA,ACTINOPTERYGII,SALMONIFORMES,SALMONIDAE,SALVELINUS,C,TC,I,FS,N
Salvelinus namaycush,Lake Trout,Salvelinus namaycush,CHORDATA,ACTINOPTERYGII,SALMONIFORMES,SALMONIDAE,SALVELINUS,,,,,
Sander vitreus,Walleye,Stizostedion vitreum,CHORDATA,ACTINOPTERYGII,PERCIFORMES,PERCIDAE,STIZOSTEDION,C-W,TC,M,MG,A
Sarda sarda,ATLANTIC BONITO,Sarda sarda,CHORDATA,ACTINOPTERYGII,PERCIFORMES,SCOMBRIDAE,SARDA,,,,,
Scomber scombus,Atlantic mackerel,Scomber scombus,CHORDATA,ACTINOPTERYGII,PERCIFORMES,SCOMBRIDAE,SCOMBER,,,,,
Scomberomorus maculatus,SPANISH MACKEREL,Scomberomorus maculatus,CHORDATA,ACTINOPTERYGII,PERCIFORMES,SCOMBRIDAE,SCOMBEROMORUS,,,,,
SCORPAENIDAE,SCORPION FISH,SCORPAENIDAE,CHORDATA,ACTINOPTERYGII,SCORPAENIFORMES,SCORPAENIDAE,NA,,,,,
Selar crumenophthalmus,BIGEYE SCAD,Selar crumenophthalmus,CHORDATA,ACTINOPTERYGII,PERCIFORMES,CARANGIDAE,SELAR,,,,,
Selene setapinnis,MOONFISH,Selene setapinnis,CHORDATA,ACTINOPTERYGII,PERCIFORMES,CARANGIDAE,SELENE,,,,,
Selene vomer,Lookdown,Selene vomer,CHORDATA,ACTINOPTERYGII,PERCIFORMES,CARANGIDAE,SELENE,,,,,
Semotilus atromaculatus,Creek chub,Semotilus atromaculatus,CHORDATA,ACTINOPTERYGII,CYPRINIFORMES,CYPRINIDAE,SEMOTILUS,C-W,GF,T,MG,N
Semotilus corporalis,Fallfish,Semotilus corporalis,CHORDATA,ACTINOPTERYGII,CYPRINIFORMES,CYPRINIDAE,SEMOTILUS,C-W,GF,M,FS,N
Semotilus margarita,Pearl Dace,Semotilus margarita,CHORDATA,ACTINOPTERYGII,CYPRINIFORMES,CYPRINIDAE,SEMOTILUS,,,,,
Seriola zonata,BANDED RUDDERFISH,Seriola zonata,CHORDATA,ACTINOPTERYGII,PERCIFORMES,CARANGIDAE,SERIOLA,,,,,
Sphoeroides maculatus,NORTHERN PUFFER,Sphoeroides maculatus,CHORDATA,ACTINOPTERYGII,TETRAODONTIFORMES,TETRAODONTIDAE,SPHOEROIDES,,,,,
Sphyraena borealis,NORTHERN SENNET,Sphyraena borealis,CHORDATA,ACTINOPTERYGII,PERCIFORMES,SPHYRAENIDAE,SPHYRAENA,,,,,
Squalus acanthias,Spiny dogfish,Squalus acanthias,CHORDATA,CHONDRICHTHYES,SQUALIFORMES,SQUALIDAE,SQUALUS,,,,,
Stenotomus chrysops,PORGY (SCUP),Stenotomus chrysops,CHORDATA,ACTINOPTERYGII,PERCIFORMES,SPARIDAE,STENOTOMUS,,,,,
Stizostedion vitreum,Walleye,Stizostedion vitreum,CHORDATA,ACTINOPTERYGII,PERCIFORMES,PERCIDAE,STIZOSTEDION,C-W,TC,M,MG,A
Strongylura marina,Atlantic Needlefish,Strongylura marina,CHORDATA,ACTINOPTERYGII,BELONIFORMES,BELONIDAE,STRONGYLURA,,,,,
Syngnathus fuscus,Northern pipefish,Syngnathus fuscus,CHORDATA,ACTINOPTERYGII,GASTEROSTEIFORMES,SYNGNATHIDAE,SYNGNATHUS,,,,,
Synodus foetens,INSHORE LIZARDFISH,Synodus foetens,CHORDATA,ACTINOPTERYGII,AULOPIFORMES,SYNODONTIDAE,SYNODUS,,,,,
Tautoga onitus,tautog,Tautoga onitus,CHORDATA,ACTINOPTERYGII,PERCIFORMES,LABRIDAE,TAUTOGA,,,,,
Tautogolabrus adsperus,Cunner,Tautogolabrus adsperus,CHORDATA,ACTINOPTERYGII,PERCIFORMES,LABRIDAE,TAUTOGOLABRUS,,,,,
Tinca tinca,Tench,Tinca tinca,CHORDATA,ACTINOPTERYGII,CYPRINIFORMES,CYPRINIDAE,TINCA,,,,,
Trachinotus carolinus,POMPANO,Trachinotus carolinus,CHORDATA,ACTINOPTERYGII,PERCIFORMES,CARANGIDAE,TRACHINOTUS,,,,,
Trachurus lathami,ROUGH SCAD (SAUREL),Trachurus lathami,CHORDATA,ACTINOPTERYGII,PERCIFORMES,CARANGIDAE,TRACHURUS,,,,,
Triglops murrayi,MOUSTACHE SCULPIN,Triglops murrayi,CHORDATA,ACTINOPTERYGII,SCORPAENIFORMES,COTTIDAE,TRIGLOPS,,,,,
Trinectes maculatus,Hogchoker,Trinectes maculatus,CHORDATA,ACTINOPTERYGII,PLEURONECTIFORMES,ACHIRIDAE,TRINECTES,,,,,
Umbra limi,Central mudminnow,Umbra limi,CHORDATA,ACTINOPTERYGII,ESOCIFORMES,UMBRIDAE,UMBRA,,,,,
Upeneus parvus,DWARF GOATFISH,Upeneus parvus,CHORDATA,ACTINOPTERYGII,PERCIFORMES,MULLIDAE,UPENEUS,,,,,
Urophycis chuss,Red hake,Urophycis chuss,CHORDATA,ACTINOPTERYGII,GADIFORMES,GADIDAE,UROPHYCIS,,,,,
Urophycis regia,SPOTTED HAKE,Urophycis regia,CHORDATA,ACTINOPTERYGII,GADIFORMES,GADIDAE,UROPHYCIS,,,,,
